-- MySQL Script generated by MySQL Workbench
-- Mon Sep 14 08:10:54 2020
-- Model: New Model    Version: 1.0
-- MySQL Workbench Forward Engineering

SET @OLD_UNIQUE_CHECKS=@@UNIQUE_CHECKS, UNIQUE_CHECKS=0;
SET @OLD_FOREIGN_KEY_CHECKS=@@FOREIGN_KEY_CHECKS, FOREIGN_KEY_CHECKS=0;
SET @OLD_SQL_MODE=@@SQL_MODE, SQL_MODE='ONLY_FULL_GROUP_BY,STRICT_TRANS_TABLES,NO_ZERO_IN_DATE,NO_ZERO_DATE,ERROR_FOR_DIVISION_BY_ZERO,NO_ENGINE_SUBSTITUTION';

-- -----------------------------------------------------
-- Schema bargylus_db
-- -----------------------------------------------------

-- -----------------------------------------------------
-- Schema bargylus_db
-- -----------------------------------------------------
CREATE SCHEMA IF NOT EXISTS `bargylus_db` DEFAULT CHARACTER SET utf8 COLLATE utf8_bin ;
USE `bargylus_db` ;

-- -----------------------------------------------------
-- Table `bargylus_db`.`discounts`
-- -----------------------------------------------------
CREATE TABLE IF NOT EXISTS `bargylus_db`.`discounts` (
  `id` INT NOT NULL AUTO_INCREMENT,
  `start_date` DATE NULL DEFAULT NULL,
  `end_date` DATE NULL DEFAULT NULL,
  `percentage` INT NULL DEFAULT NULL,
  PRIMARY KEY (`id`),
  UNIQUE INDEX `unique` (`start_date` ASC, `end_date` ASC, `percentage` ASC))
ENGINE = InnoDB
AUTO_INCREMENT = 4
DEFAULT CHARACTER SET = utf8
COLLATE = utf8_bin;


-- -----------------------------------------------------
-- Table `bargylus_db`.`grapes`
-- -----------------------------------------------------
CREATE TABLE IF NOT EXISTS `bargylus_db`.`grapes` (
  `id` INT NOT NULL AUTO_INCREMENT,
  `name` VARCHAR(45) CHARACTER SET 'utf8' COLLATE 'utf8_bin' NOT NULL,
  `color` VARCHAR(45) CHARACTER SET 'utf8' COLLATE 'utf8_bin' NOT NULL,
  PRIMARY KEY (`id`),
  UNIQUE INDEX `name` (`name` ASC) ,
  UNIQUE INDEX `name_2` (`name` ASC) )
ENGINE = InnoDB
AUTO_INCREMENT = 51
DEFAULT CHARACTER SET = utf8
COLLATE = utf8_bin;


-- -----------------------------------------------------
-- Table `bargylus_db`.`modes_payments`
-- -----------------------------------------------------
CREATE TABLE IF NOT EXISTS `bargylus_db`.`modes_payments` (
  `id` INT NOT NULL AUTO_INCREMENT,
  `name` VARCHAR(45) CHARACTER SET 'utf8' COLLATE 'utf8_bin' NOT NULL,
  PRIMARY KEY (`id`),
  UNIQUE INDEX `name` (`name` ASC) )
ENGINE = InnoDB
AUTO_INCREMENT = 5
DEFAULT CHARACTER SET = utf8
COLLATE = utf8_bin;


-- -----------------------------------------------------
-- Table `bargylus_db`.`users`
-- -----------------------------------------------------
CREATE TABLE IF NOT EXISTS `bargylus_db`.`users` (
  `id` INT NOT NULL AUTO_INCREMENT,
  `email` VARCHAR(45) CHARACTER SET 'utf8' COLLATE 'utf8_bin' NOT NULL,
  `lastname` VARCHAR(45) CHARACTER SET 'utf8' COLLATE 'utf8_bin' NOT NULL,
  `firstname` VARCHAR(45) CHARACTER SET 'utf8' COLLATE 'utf8_bin' NOT NULL,
  `phone_number` VARCHAR(45) CHARACTER SET 'utf8' COLLATE 'utf8_bin' NOT NULL,
  `registration_date` DATE NOT NULL,
  `birth_date` DATE NOT NULL,
  `street_home` VARCHAR(45) CHARACTER SET 'utf8' COLLATE 'utf8_bin' NOT NULL,
  `zip` INT NOT NULL,
  `city` VARCHAR(45) CHARACTER SET 'utf8' COLLATE 'utf8_bin' NOT NULL,
  `canton` VARCHAR(45) CHARACTER SET 'utf8' COLLATE 'utf8_bin' NOT NULL,
  `password` VARCHAR(100) CHARACTER SET 'utf8' COLLATE 'utf8_bin' NOT NULL,
  `droits` INT NOT NULL DEFAULT '0',
  PRIMARY KEY (`id`),
  UNIQUE INDEX `email` (`email` ASC) )
ENGINE = InnoDB
AUTO_INCREMENT = 16
DEFAULT CHARACTER SET = utf8
COLLATE = utf8_bin;


-- -----------------------------------------------------
-- Table `bargylus_db`.`wines`
-- -----------------------------------------------------
CREATE TABLE IF NOT EXISTS `bargylus_db`.`wines` (
  `id` INT NOT NULL AUTO_INCREMENT,
  `year` INT NOT NULL,
  `winename` VARCHAR(45) CHARACTER SET 'utf8' COLLATE 'utf8_bin' NOT NULL,
  `alcohol` FLOAT NOT NULL,
  `basic_price` FLOAT NOT NULL,
  `size` INT NOT NULL,
  `stock` INT NOT NULL,
  `photo` VARCHAR(45) CHARACTER SET 'utf8' COLLATE 'utf8_bin' NULL DEFAULT NULL,
  PRIMARY KEY (`id`),
  UNIQUE INDEX `uniques` (`size` ASC, `winename` ASC, `year` ASC) )
ENGINE = InnoDB
AUTO_INCREMENT = 13
DEFAULT CHARACTER SET = utf8
COLLATE = utf8_bin;


-- -----------------------------------------------------
-- Table `bargylus_db`.`users_buy_wines`
-- -----------------------------------------------------
CREATE TABLE IF NOT EXISTS `bargylus_db`.`users_buy_wines` (
  `id` INT NOT NULL,
  `user_id` INT NULL DEFAULT NULL,
  `wine_id` INT NULL DEFAULT NULL,
  `mode_id` INT NOT NULL,
  `date` DATE NULL DEFAULT NULL,
  `price` FLOAT NULL DEFAULT NULL,
  `quantity` INT NULL DEFAULT NULL,
  PRIMARY KEY (`id`),
  INDEX `fk_Users_has_Wines_Wines1_idx` (`wine_id` ASC) ,
  INDEX `fk_Users_has_Wines_Users1_idx` (`user_id` ASC) ,
  INDEX `fk_Users_buy_Wines_ModesOfPayments1_idx` (`mode_id` ASC) ,
  CONSTRAINT `fk_Users_buy_Wines_ModesOfPayments1`
    FOREIGN KEY (`mode_id`)
    REFERENCES `bargylus_db`.`modes_payments` (`id`),
  CONSTRAINT `fk_Users_has_Wines_Users1`
    FOREIGN KEY (`user_id`)
    REFERENCES `bargylus_db`.`users` (`id`),
  CONSTRAINT `fk_Users_has_Wines_Wines1`
    FOREIGN KEY (`wine_id`)
    REFERENCES `bargylus_db`.`wines` (`id`))
ENGINE = InnoDB
DEFAULT CHARACTER SET = utf8
COLLATE = utf8_bin;


-- -----------------------------------------------------
-- Table `bargylus_db`.`users_choose_mode`
-- -----------------------------------------------------
CREATE TABLE IF NOT EXISTS `bargylus_db`.`users_choose_mode` (
  `id` INT NOT NULL,
  `user_id` INT NOT NULL,
  `mode_id` INT NOT NULL,
  `date` DATE NULL DEFAULT NULL,
  PRIMARY KEY (`id`),
  INDEX `fk_Users_has_ModesOfPayments_ModesOfPayments1_idx` (`mode_id` ASC) ,
  INDEX `fk_Users_has_ModesOfPayments_Users_idx` (`user_id` ASC) ,
  CONSTRAINT `fk_Users_has_ModesOfPayments_ModesOfPayments1`
    FOREIGN KEY (`mode_id`)
    REFERENCES `bargylus_db`.`modes_payments` (`id`),
  CONSTRAINT `fk_Users_has_ModesOfPayments_Users`
    FOREIGN KEY (`user_id`)
    REFERENCES `bargylus_db`.`users` (`id`))
ENGINE = InnoDB
DEFAULT CHARACTER SET = utf8
COLLATE = utf8_bin;


-- -----------------------------------------------------
-- Table `bargylus_db`.`wines_compose_grapes`
-- -----------------------------------------------------
CREATE TABLE IF NOT EXISTS `bargylus_db`.`wines_compose_grapes` (
  `id` INT NOT NULL,
  `wine_id` INT NOT NULL,
  `grape_id` INT NULL DEFAULT NULL,
  PRIMARY KEY (`id`),
  INDEX `fk_Wines_has_Grapes_Bottle1_idx` (`grape_id` ASC) ,
  INDEX `fk_Wines_has_Grapes_Wines1_idx` (`wine_id` ASC) ,
  CONSTRAINT `fk_Wines_has_Bottles_Bottles1`
    FOREIGN KEY (`grape_id`)
    REFERENCES `bargylus_db`.`grapes` (`id`),
  CONSTRAINT `fk_Wines_has_Bottles_Wines1`
    FOREIGN KEY (`wine_id`)
    REFERENCES `bargylus_db`.`wines` (`id`))
ENGINE = InnoDB
DEFAULT CHARACTER SET = utf8
COLLATE = utf8_bin;


SET SQL_MODE=@OLD_SQL_MODE;
SET FOREIGN_KEY_CHECKS=@OLD_FOREIGN_KEY_CHECKS;
SET UNIQUE_CHECKS=@OLD_UNIQUE_CHECKS;



-- --------------------------------------------------------
-- Hôte :                        127.0.0.1
-- Version du serveur:           8.0.20 - MySQL Community Server - GPL
-- SE du serveur:                Win64
-- HeidiSQL Version:             11.0.0.5919
-- --------------------------------------------------------

/*!40101 SET @OLD_CHARACTER_SET_CLIENT=@@CHARACTER_SET_CLIENT */;
/*!40101 SET NAMES utf8 */;
/*!50503 SET NAMES utf8mb4 */;
/*!40014 SET @OLD_FOREIGN_KEY_CHECKS=@@FOREIGN_KEY_CHECKS, FOREIGN_KEY_CHECKS=0 */;
/*!40101 SET @OLD_SQL_MODE=@@SQL_MODE, SQL_MODE='NO_AUTO_VALUE_ON_ZERO' */;

-- Listage des données de la table bargylus_db.discounts : ~0 rows (environ)
DELETE FROM `discounts`;
/*!40000 ALTER TABLE `discounts` DISABLE KEYS */;
INSERT INTO `discounts` (`id`, `start_date`, `end_date`, `percentage`) VALUES
	(3, '2001-01-01', '2002-02-02', 13),
	(1, '2010-10-10', '2011-11-11', 10),
	(2, '2012-12-12', '2013-12-12', 12);
/*!40000 ALTER TABLE `discounts` ENABLE KEYS */;

-- Listage des données de la table bargylus_db.grapes : ~12 rows (environ)
DELETE FROM `grapes`;
/*!40000 ALTER TABLE `grapes` DISABLE KEYS */;
INSERT INTO `grapes` (`id`, `name`, `color`) VALUES
	(1, 'Couderc', 'blanc'),
	(2, 'Landal', 'blanc'),
	(3, 'Plant de Brunel', 'blanc'),
	(4, 'Prunelard', 'blanc'),
	(5, 'Alphonse Lavallée', 'blanc'),
	(6, 'Aubun', 'blanc'),
	(7, 'Béclan', 'blanc'),
	(8, 'Aramon', 'blanc'),
	(9, 'Couston', 'Rouge'),
	(10, 'Poulsar', 'Rouge'),
	(11, 'Malvoisie', 'blanc'),
	(12, 'Macabeuie', 'Rouge');
/*!40000 ALTER TABLE `grapes` ENABLE KEYS */;

-- Listage des données de la table bargylus_db.modes_payments : ~0 rows (environ)
DELETE FROM `modes_payments`;
/*!40000 ALTER TABLE `modes_payments` DISABLE KEYS */;
INSERT INTO `modes_payments` (`id`, `name`) VALUES
	(3, 'PayPal'),
	(4, 'mastercard'),
	(1, 'postefinane'),
	(2, 'visacard');
/*!40000 ALTER TABLE `modes_payments` ENABLE KEYS */;

-- Listage des données de la table bargylus_db.users : ~14 rows (environ)
DELETE FROM `users`;
/*!40000 ALTER TABLE `users` DISABLE KEYS */;
INSERT INTO `users` (`id`, `email`, `lastname`, `firstname`, `phone_number`, `registration_date`, `birth_date`, `street_home`, `zip`, `city`, `canton`, `password`, `droits`) VALUES
	(1, 'user@name.com', 'name', 'user', '0012 345 67 89', '0000-00-00', '0000-00-00', 'Ap #881-2825 Ipsum St.', 239369, 'Bellinzone', 'AR', '$2y$10$W80ECFrJ7Sb15qcR99vw.O2XpC4/Ot/JJnaYD/TuW6DcBlxIRvvzu', 1),
	(2, 'scelerisque.lorem@sapien.net', 'Kieran', 'Celeste', '0041 74 11 12 29', '0000-00-00', '0000-00-00', 'P.O. Box 133, 9775 Neque Ave', 92976, 'Soleure', 'GL', '', 0),
	(3, 'congue@Integeraliquamadipiscing.net', 'Jack', 'Hillary', '0041 54 71 24 08', '0000-00-00', '0000-00-00', '342-3175 Tempus Rd.', 5436, 'Köniz', 'VD', '', 0),
	(4, 'lectus.ante@odio.net', 'Gregory', 'Kylee', '0041 19 73 50 68', '0000-00-00', '0000-00-00', '323-5213 Luctus Rd.', 40192, 'Horgen', 'SO', '', 0),
	(5, 'nec.ligula@nisidictum.org', 'Neville', 'Callie', '0041 70 61 84 33', '0000-00-00', '0000-00-00', 'Ap #368-8278 Consectetuer Rd.', 1399, 'Kriens', 'JU', '', 0),
	(6, 'Cras.convallis.convallis@non.com', 'Neil', 'Gillian', '0041 63 31 37 09', '0000-00-00', '0000-00-00', '4007 Vitae Av.', 108701, 'Schwytz', 'FR', '', 0),
	(7, 'vitae.purus@montesnascetur.org', 'Carson', 'Tatyana', '0041 11 65 05 73', '0000-00-00', '0000-00-00', 'P.O. Box 525, 7914 Consequat Avenue', 66306, 'Bienne', 'SG', '', 0),
	(8, 'diam.lorem.auctor@atvelitPellentesque.edu', 'Talon', 'Eugenia', '0041 73 82 31 70', '0000-00-00', '0000-00-00', 'Ap #223-191 Lorem, St.', 4871, 'Neuchâtel', 'VD', '', 0),
	(9, 'nulla.Cras.eu@nuncinterdumfeugiat.org', 'Christen', 'Madison', '0041 79 98 33 12', '0000-00-00', '0000-00-00', '981-2253 Sem Avenue', 250381, 'Winterthour', 'VD', '', 0),
	(10, 'ac.nulla.In@nec.org', 'Wallace', 'Alice', '0041 42 29 09 67', '0000-00-00', '0000-00-00', 'P.O. Box 377, 6484 Morbi St.', 22597, 'Küsnacht', 'JU', '', 0),
	(11, 'yogao-jv@hotmail.com', 'Vaca', 'Johnny', '0763317057', '2020-09-07', '2020-12-12', 'Chemin de renens', 1004, 'Lausanne', 'Vaud', '$2y$10$tICXcp3EJOENwL5s14TEyOIY34QXvsDRqz1RG66DTPiU0ed6sAYhy', 0),
	(12, 'root', 'root', 'root', 'root', '2020-09-07', '1999-12-12', 'root', 1002, 'root', 'root', '$2y$10$kIsa6cW4xx1Zxy2/sH5Ev.tYk7GR9.LS/22MQceDck359wsASm2Yu', 0),
	(13, 'johnny.vaca-jaramillo@cpnv.ch', 'Vaca', 'Johnny', '0763317057', '2020-09-08', '1999-10-16', 'Chemin de renens 13', 1004, 'Lausanne', 'Vaud', '$2y$10$uLuh6JQGpj68wqvLtnmRDeQCjsay4miG9dvD5MaNWi3LWhw3I/gMy', 0),
	(15, 'yogo-jv@hotmail.com', 'Jaramillo', 'Ismael', '076 343 71 20', '2020-09-08', '1999-10-16', 'chemin de renens 13', 1004, 'Lausanne', 'Vaud', '$2y$10$B0Glu8a4OKp/oAvfI4NA3eRbKkUwKUPm2aawpazzaBI5QlizRw6sC', 0);
/*!40000 ALTER TABLE `users` ENABLE KEYS */;

-- Listage des données de la table bargylus_db.users_buy_wines : ~50 rows (environ)
DELETE FROM `users_buy_wines`;
/*!40000 ALTER TABLE `users_buy_wines` DISABLE KEYS */;
INSERT INTO `users_buy_wines` (`id`, `user_id`, `wine_id`, `mode_id`, `date`, `price`, `quantity`) VALUES
	(1, 3, 7, 4, '2020-01-21', 41, 6),
	(2, 3, 8, 1, '2019-05-17', 41, 7),
	(3, 8, 7, 1, '2018-10-01', 116, 19),
	(4, 2, 5, 4, '2019-05-01', 75, 46),
	(5, 10, 1, 1, '2018-07-22', 169, 48),
	(6, 6, 8, 4, '2020-02-05', 98, 31),
	(7, 10, 1, 4, '2020-02-23', 184, 19),
	(8, 8, 3, 2, '2020-05-12', 76, 43),
	(9, 9, 2, 3, '2019-06-17', 120, 38),
	(10, 7, 1, 4, '2018-10-21', 45, 13),
	(11, 9, 4, 4, '2018-05-25', 76, 28),
	(12, 3, 7, 4, '2018-01-03', 67, 22),
	(13, 7, 8, 1, '2018-02-14', 27, 19),
	(14, 1, 1, 2, '2018-01-06', 154, 11),
	(15, 10, 2, 3, '2018-06-21', 24, 13),
	(16, 9, 3, 1, '2019-09-30', 72, 35),
	(17, 2, 5, 1, '2019-05-27', 179, 27),
	(18, 4, 4, 2, '2018-06-22', 74, 28),
	(19, 9, 3, 4, '2020-05-25', 167, 30),
	(20, 4, 3, 1, '2018-06-11', 184, 21),
	(21, 4, 4, 3, '2019-09-14', 133, 34),
	(22, 10, 2, 2, '2018-04-29', 28, 41),
	(23, 3, 2, 4, '2018-07-05', 183, 2),
	(24, 2, 3, 2, '2018-03-11', 25, 30),
	(25, 5, 7, 4, '2020-01-23', 77, 20),
	(26, 4, 3, 1, '2020-06-02', 154, 30),
	(27, 2, 1, 2, '2018-04-25', 200, 3),
	(28, 10, 10, 1, '2018-10-13', 28, 8),
	(29, 4, 7, 2, '2019-01-04', 88, 26),
	(30, 6, 7, 3, '2018-09-23', 160, 50),
	(31, 5, 3, 2, '2019-05-13', 143, 36),
	(32, 6, 6, 2, '2020-05-20', 47, 39),
	(33, 8, 9, 3, '2019-05-14', 176, 31),
	(34, 4, 8, 3, '2018-06-11', 28, 5),
	(35, 10, 9, 3, '2019-04-23', 129, 9),
	(36, 2, 9, 2, '2018-06-20', 179, 7),
	(37, 1, 4, 4, '2018-01-22', 180, 19),
	(38, 1, 10, 4, '2019-10-28', 23, 34),
	(39, 3, 3, 4, '2019-12-04', 138, 6),
	(40, 1, 1, 4, '2020-04-16', 60, 46),
	(41, 5, 10, 1, '2020-05-14', 40, 41),
	(42, 10, 7, 2, '2018-11-05', 111, 41),
	(43, 3, 2, 1, '2020-03-11', 91, 38),
	(44, 4, 5, 4, '2019-08-31', 91, 43),
	(45, 4, 4, 3, '2019-09-05', 56, 42),
	(46, 5, 7, 1, '2018-02-13', 152, 4),
	(47, 4, 8, 3, '2018-09-09', 84, 37),
	(48, 6, 8, 1, '2018-07-28', 25, 18),
	(49, 3, 2, 2, '2018-11-28', 119, 38),
	(50, 4, 7, 1, '2020-03-09', 149, 6);
/*!40000 ALTER TABLE `users_buy_wines` ENABLE KEYS */;

-- Listage des données de la table bargylus_db.users_choose_mode : ~50 rows (environ)
DELETE FROM `users_choose_mode`;
/*!40000 ALTER TABLE `users_choose_mode` DISABLE KEYS */;
INSERT INTO `users_choose_mode` (`id`, `user_id`, `mode_id`, `date`) VALUES
	(1, 6, 3, '2019-05-15'),
	(2, 4, 3, '2018-10-19'),
	(3, 6, 4, '2019-04-09'),
	(4, 3, 2, '2019-06-12'),
	(5, 8, 2, '2018-05-17'),
	(6, 5, 3, '2018-08-25'),
	(7, 3, 2, '2019-07-21'),
	(8, 5, 4, '2019-03-03'),
	(9, 6, 1, '2018-01-05'),
	(10, 2, 1, '2018-01-03'),
	(11, 9, 2, '2020-05-11'),
	(12, 3, 2, '2018-03-27'),
	(13, 8, 3, '2018-10-10'),
	(14, 8, 2, '2018-01-10'),
	(15, 7, 2, '2019-11-10'),
	(16, 3, 1, '2019-01-12'),
	(17, 7, 1, '2018-04-17'),
	(18, 6, 2, '2018-03-08'),
	(19, 2, 1, '2018-03-31'),
	(20, 8, 2, '2019-05-10'),
	(21, 9, 3, '2018-01-06'),
	(22, 8, 3, '2019-06-26'),
	(23, 7, 1, '2019-12-26'),
	(24, 3, 4, '2019-11-03'),
	(25, 2, 4, '2018-11-06'),
	(26, 5, 1, '2020-04-24'),
	(27, 9, 4, '2018-01-09'),
	(28, 6, 2, '2018-01-01'),
	(29, 4, 1, '2018-11-28'),
	(30, 6, 4, '2018-08-17'),
	(31, 10, 2, '2019-03-15'),
	(32, 1, 3, '2018-11-28'),
	(33, 4, 1, '2019-07-05'),
	(34, 2, 4, '2018-01-03'),
	(35, 4, 2, '2019-10-25'),
	(36, 7, 4, '2018-10-04'),
	(37, 5, 3, '2020-01-13'),
	(38, 4, 1, '2020-02-20'),
	(39, 1, 1, '2018-08-28'),
	(40, 10, 3, '2018-02-09'),
	(41, 4, 3, '2020-01-27'),
	(42, 1, 1, '2020-05-23'),
	(43, 7, 4, '2018-09-24'),
	(44, 10, 3, '2019-12-09'),
	(45, 7, 4, '2019-10-23'),
	(46, 1, 1, '2019-12-25'),
	(47, 5, 2, '2019-01-15'),
	(48, 4, 4, '2019-12-10'),
	(49, 6, 1, '2020-03-02'),
	(50, 2, 2, '2019-03-07');
/*!40000 ALTER TABLE `users_choose_mode` ENABLE KEYS */;

-- Listage des données de la table bargylus_db.wines : ~12 rows (environ)
DELETE FROM `wines`;
/*!40000 ALTER TABLE `wines` DISABLE KEYS */;
INSERT INTO `wines` (`id`, `year`, `winename`, `alcohol`, `basic_price`, `size`, `stock`, `photo`) VALUES
	(1, 2011, 'Amigne', 17, 32, 2, 30, 'wine_1.png'),
	(2, 2012, 'Païen', 18, 30, 1, 30, 'wine_2.png'),
	(3, 2013, 'Emitage', 16, 24, 2, 30, 'wine_3.png'),
	(4, 2014, 'Altesse', 20, 30, 1, 30, 'wine_4.png'),
	(5, 2015, 'petite-Arvine', 18, 30, 2, 30, 'wine_5.png'),
	(6, 2016, 'Arvine', 17, 28, 2, 30, 'wine_6.png'),
	(7, 2017, 'Aligoté', 20, 24, 2, 30, 'wine_7.png'),
	(8, 2018, 'Muscat', 17, 32, 1, 30, 'wine_1.png'),
	(9, 2019, 'Réze', 16, 38, 1, 30, 'wine_2.png'),
	(10, 2010, 'Lafnetscha', 16, 38, 1, 30, 'wine_3.png'),
	(11, 2009, 'Joubertin', 16, 38, 1, 30, 'wine_4.png'),
	(12, 2008, 'Johannisberg', 20, 32, 1, 30, 'wine_1.png');
/*!40000 ALTER TABLE `wines` ENABLE KEYS */;

-- Listage des données de la table bargylus_db.wines_compose_grapes : ~12 rows (environ)
DELETE FROM `wines_compose_grapes`;
/*!40000 ALTER TABLE `wines_compose_grapes` DISABLE KEYS */;
INSERT INTO `wines_compose_grapes` (`id`, `wine_id`, `grape_id`) VALUES
	(1, 1, 1),
	(2, 2, 2),
	(3, 3, 3),
	(4, 4, 4),
	(5, 5, 5),
	(6, 6, 6),
	(7, 7, 7),
	(8, 8, 8),
	(9, 9, 9),
	(10, 10, 10),
	(11, 11, 11),
	(12, 12, 12);
/*!40000 ALTER TABLE `wines_compose_grapes` ENABLE KEYS */;

/*!40101 SET SQL_MODE=IFNULL(@OLD_SQL_MODE, '') */;
/*!40014 SET FOREIGN_KEY_CHECKS=IF(@OLD_FOREIGN_KEY_CHECKS IS NULL, 1, @OLD_FOREIGN_KEY_CHECKS) */;
/*!40101 SET CHARACTER_SET_CLIENT=@OLD_CHARACTER_SET_CLIENT */;

